Experiment PSID,Original ID
PSAHQV,PSA2H6G
PSAH9CV,PSAVUGH
PSAJDQG,PSAVUGJ
PSAJDQJ,PSAVTVP
PSAJEQW,PSAVUGD
PSAJJXN,PSAVUGP
PSAJVPW,PSAVUGC
PSAJVP8,PSAVUGA
PSAJ2EE,PSAVUGF
PSAJ4ZZ,PSAVTVM
PSAJ43P,PSAVUF9
PSAKUSU,PSAVUBA
PSAMC2V,PSAVUF6
PSAMGHG,PSAVUBC
PSAMQJD,PSAVUF2
PSAMR8Z,PSAVUA4
PSAM4NK,PSAVTVR
PSAPTW7,PSAVUMC
PSAP8PW,PSAVUMH
PSAQJFP,PSAX692
PSAR9Y9,PSAVTUH
PSASDZY,PSAVTUU
PSASRKH,PSAVUGR
PSAS25R,PSAVUGQ
PSATNB2,PSAVUK7
PSATNCQ,PSAVUMA
PSATZEJ,PSAVTVJ
PSAUKPM,PSAVTV6
PSAUKPR,PSAVUAR
PSAUK57,PSAVUK8
PSAUTWT,PSAVUGY
PSAU6Y4,PSAVUME
PSAU88D,PSA2H6H
PSAV89B,PSAV9DV
PSAWHF4,PSAVUF5
PSAWU6Z,PSAWU7D
PSABANRN,PSAHK8
